N,P,K,Sıcaklık,Nem,pH,Yağış,Tahmin
90,42,43,20.0,82.0,6.5,200.0,rice
90,42,43,20.0,82.0,6.5,200.0,rice
90,46,46,20.040000000000006,82.0,6.529999999999999,200.03999999999996,rice
20,46,46,20.040000000000006,82.0,6.529999999999999,200.03999999999996,papaya
50,30,23,45.0,65.0,7.5,200.0,mango
